Center,Time
Center A,217
Center A,84
Center A,169
Center A,96
Center A,177
Center A,146
Center A,100
Center A,174
Center A,113
Center A,71
Center B,163
Center B,191
Center B,96
Center B,120
Center B,142
Center B,135
Center B,141
Center B,146
Center B,194
Center B,192
Center C,175
Center C,150
Center C,175
Center C,175
Center C,200
Center C,161
Center C,140
Center C,158
Center C,124
Center C,175
Center D,105
Center D,174
Center D,116
Center D,70
Center D,47
Center D,98
Center D,114
Center D,101
Center D,139
Center D,136
Center E,170
Center E,140
Center E,162
Center E,124
Center E,110
Center E,147
Center E,156
Center E,155
Center E,140
Center E,61
